idx,img_path,GT,pred,ok,len_err,len_gt,len_pred
0,datasets/special_ccpd2019_base_cvreplace_v1_20260526/images/val/0322365900383-99_76-330&453_610&587-603&595_331&539_328&451_600&507-0_0_8_17_29_31_24-100-69_emb_使693015.jpg,使693015,使693015,1,0,7,7
1,datasets/special_ccpd2019_base_cvreplace_v1_20260526/images/val/0216570881226-90_86-252&486_535&574-532&563_261&577_259&485_530&471-0_0_33_16_29_31_30-128-60_emb_使004148.jpg,使004148,使004148,1,0,7,7
2,datasets/special_ccpd2019_base_cvreplace_v1_20260526/images/val/0086709770115-90_90-255&485_421&546-426&546_254&550_252&491_424&487-0_0_10_24_30_32_22-121-6_emb_使575733.jpg,使575733,使575733,1,0,7,7
3,datasets/special_ccpd2019_base_cvreplace_v1_20260526/images/val/0144815613027-90_85-248&660_470&748-480&744_247&741_239&660_472&663-0_0_4_33_33_29_31-92-50_emb_使472039.jpg,使472039,使472039,1,0,7,7
4,datasets/special_ccpd2019_base_cvreplace_v1_20260526/images/val/0180747126436-92_88-117&419_362&505-364&511_116&491_122&408_370&428-0_0_22_27_7_25_32-106-41_emb_使382704.jpg,使382704,使382704,1,0,7,7
5,datasets/special_ccpd2019_base_cvreplace_v1_20260526/images/val/0347306034483-90_89-209&484_507&588-509&572_221&594_224&494_512&472-0_0_18_13_26_27_26-85-84_emb_使368489.jpg,使368489,使368489,1,0,7,7
6,datasets/special_ccpd2019_base_cvreplace_v1_20260526/images/val/00617816091954-90_91-347&362_503&412-504&416_336&414_339&355_507&357-0_0_21_28_26_28_33-71-7_emb_使598827.jpg,使598827,使598827,1,0,7,7
7,datasets/special_ccpd2019_base_cvreplace_v1_20260526/images/val/0242456896552-90_91-239&555_511&648-516&639_241&650_242&554_517&543-0_0_1_33_4_29_33-136-60_emb_使836424.jpg,使836424,使836424,1,0,7,7
8,datasets/special_ccpd2019_base_cvreplace_v1_20260526/images/val/0141271551724-89_80-243&375_463&453-477&451_257&456_247&382_467&377-0_0_11_31_32_33_19-167-55_emb_使865694.jpg,使865694,使865694,1,0,7,7
9,datasets/special_ccpd2019_base_cvreplace_v1_20260526/images/val/0152837643678-93_80-255&360_466&452-480&451_266&428_244&347_458&370-0_0_17_11_26_29_25-108-18_emb_使566728.jpg,使566728,使56728,0,1,7,6
10,datasets/special_ccpd2019_base_cvreplace_v1_20260526/images/val/016091954023-90_90-180&485_412&565-423&575_174&569_176&479_425&485-0_0_23_32_1_26_30-99-17_emb_使897224.jpg,使897224,使897224,1,0,7,7
11,datasets/special_ccpd2019_base_cvreplace_v1_20260526/images/val/00638170498084-91_88-223&509_372&561-373&564_224&558_227&509_376&515-0_0_16_31_4_27_27-87-45_emb_使055104.jpg,使055104,使055104,1,0,7,7
12,datasets/special_ccpd2019_base_cvreplace_v1_20260526/images/val/0451005747126-82_99-201&524_506&652-497&604_204&657_227&561_520&508-0_0_6_30_27_32_9-122-118_emb_使786778.jpg,使786778,使786778,1,0,7,7
13,datasets/special_ccpd2019_base_cvreplace_v1_20260526/images/val/0218510536398-92_83-199&467_472&561-497&572_227&548_178&454_448&478-0_0_22_24_4_25_30-136-10_emb_使433990.jpg,使433990,使433990,1,0,7,7
14,datasets/special_ccpd2019_base_cvreplace_v1_20260526/images/val/021724137931-94_84-241&459_483&556-490&559_235&534_232&451_487&476-0_0_18_2_25_33_25-127-64_emb_使091446.jpg,使091446,使091446,1,0,7,7
15,datasets/special_ccpd2019_base_cvreplace_v1_20260526/images/val/032650862069-89_91-236&356_517&471-535&449_235&471_241&364_541&342-0_0_15_9_24_33_26-156-72_emb_使223840.jpg,使223840,使223840,1,0,7,7
16,datasets/special_ccpd2019_base_cvreplace_v1_20260526/images/val/0323754789272-95_79-174&478_469&602-486&609_172&566_162&467_476&510-0_0_3_32_29_26_11-149-41_emb_使519357.jpg,使519357,使519357,1,0,7,7
17,datasets/special_ccpd2019_base_cvreplace_v1_20260526/images/val/0252777777778-84_99-263&532_476&636-472&610_265&633_275&545_482&522-0_0_0_31_30_33_29-132-63_emb_使668581.jpg,使668581,使68581,0,1,7,6
18,datasets/special_ccpd2019_base_cvreplace_v1_20260526/images/val/0142899904214-90_88-259&473_481&551-481&548_264&548_263&482_480&482-0_0_13_19_33_24_24-123-60_emb_使708717.jpg,使708717,使708717,1,0,7,7
19,datasets/special_ccpd2019_base_cvreplace_v1_20260526/images/val/0274305555555-91_83-204&484_513&574-526&571_208&573_205&480_523&478-0_0_7_27_22_27_27-106-38_emb_使815658.jpg,使815658,使815658,1,0,7,7
20,datasets/special_ccpd2019_base_cvreplace_v1_20260526/images/val/0197677203065-90_94-183&442_464&523-474&516_187&534_192&445_479&427-0_0_11_17_29_32_33-149-23_emb_使317533.jpg,使317533,使317533,1,0,7,7
21,datasets/special_ccpd2019_base_cvreplace_v1_20260526/images/val/0254430076628-75_107-322&535_521&661-518&618_345&671_346&565_519&512-0_0_12_26_24_24_29-135-55_emb_使174319.jpg,使174319,使7419,0,1,7,5
22,datasets/special_ccpd2019_base_cvreplace_v1_20260526/images/val/0148180076628-90_79-102&557_330&629-345&637_119&628_87&549_313&558-10_4_32_33_10_5_29-164-34_emb_使702843.jpg,使702843,使702843,1,0,7,7
23,datasets/special_ccpd2019_base_cvreplace_v1_20260526/images/val/0229885057471-90_91-179&494_477&587-455&576_171&598_197&508_481&486-0_0_10_31_32_26_32-23-6_emb_使560791.jpg,使560791,使560791,1,0,7,7
24,datasets/special_ccpd2019_base_cvreplace_v1_20260526/images/val/0123970306514-90_91-312&454_487&531-493&524_317&528_322&458_498&454-0_0_21_1_30_32_28-146-11_emb_使027550.jpg,使027550,使027550,1,0,7,7
25,datasets/special_ccpd2019_base_cvreplace_v1_20260526/images/val/0221336206897-89_88-238&478_490&575-505&567_233&588_240&487_512&466-0_0_16_23_24_25_29-156-35_emb_使344936.jpg,使344936,使344936,1,0,7,7
26,datasets/special_ccpd2019_base_cvreplace_v1_20260526/images/val/00621048850574-90_87-251&495_399&549-395&544_256&540_254&492_393&496-0_0_22_28_25_29_23-80-8_emb_使050172.jpg,使050172,使050172,1,0,7,7
27,datasets/special_ccpd2019_base_cvreplace_v1_20260526/images/val/00963840996169-90_93-272&490_437&558-435&555_273&546_277&491_439&500-0_0_3_32_24_24_19-94-13_emb_使851158.jpg,使851158,使851158,1,0,7,7
28,datasets/special_ccpd2019_base_cvreplace_v1_20260526/images/val/0175167624521-95_79-301&485_511&574-529&583_301&553_280&467_508&497-0_0_7_24_33_27_33-88-12_emb_使734004.jpg,使734004,使73406,0,1,7,6
29,datasets/special_ccpd2019_base_cvreplace_v1_20260526/images/val/0186206896552-104_69-205&441_382&560-383&561_209&502_205&432_379&491-0_0_3_33_25_32_3-128-23_emb_使492379.jpg,使492379,使492379,1,0,7,7
30,datasets/special_ccpd2019_base_cvreplace_v1_20260526/images/val/0615780651341-95_83-108&598_509&746-510&751_118&706_117&586_509&631-0_0_33_15_25_32_30-120-104_emb_使555877.jpg,使555877,使555877,1,0,7,7
31,datasets/special_ccpd2019_base_cvreplace_v1_20260526/images/val/0208273467433-90_87-261&548_523&638-533&643_264&643_272&546_541&546-0_0_33_33_33_30_33-180-25_emb_使498290.jpg,使498290,使498290,1,0,7,7
32,datasets/special_ccpd2019_base_cvreplace_v1_20260526/images/val/019845545977-93_88-148&455_363&553-369&557_152&532_150&439_367&464-0_0_23_3_29_25_32-129-38_emb_使539369.jpg,使539369,使539369,1,0,7,7
33,datasets/special_ccpd2019_base_cvreplace_v1_20260526/images/val/026561302682-97_82-224&453_482&563-490&567_234&527_228&447_484&487-0_0_7_33_29_26_12-103-19_emb_使188196.jpg,使188196,使188196,1,0,7,7
34,datasets/special_ccpd2019_base_cvreplace_v1_20260526/images/val/0267672413793-92_76-223&462_517&578-534&577_236&545_213&455_511&487-0_0_19_30_31_31_2-91-120_emb_使621601.jpg,使621601,使621601,1,0,7,7
35,datasets/special_ccpd2019_base_cvreplace_v1_20260526/images/val/00903496168583-89_87-186&337_355&397-355&393_189&394_182&335_348&334-10_11_8_30_30_27_20-141-27_emb_使233794.jpg,使233794,使233794,1,0,7,7
36,datasets/special_ccpd2019_base_cvreplace_v1_20260526/images/val/00725933908046-90_81-153&338_313&407-305&409_158&403_145&343_292&349-0_0_10_24_33_25_8-79-13_emb_使681747.jpg,使681747,使681747,1,0,7,7
37,datasets/special_ccpd2019_base_cvreplace_v1_20260526/images/val/0363505747126-98_74-242&447_521&575-530&584_259&536_241&442_512&490-0_0_20_33_22_32_33-124-186_emb_使053083.jpg,使053083,使053083,1,0,7,7
38,datasets/special_ccpd2019_base_cvreplace_v1_20260526/images/val/0131704980843-90_81-176&543_390&609-394&608_189&601_177&530_382&537-0_7_10_9_30_25_29-87-21_emb_使953541.jpg,使953541,使953541,1,0,7,7
39,datasets/special_ccpd2019_base_cvreplace_v1_20260526/images/val/0116020114943-92_88-293&563_476&637-480&632_302&629_303&568_481&571-0_0_16_25_30_27_23-28-15_emb_使888156.jpg,使888156,使888156,1,0,7,7
40,datasets/special_ccpd2019_base_cvreplace_v1_20260526/images/val/0327514367816-91_87-179&472_481&585-479&583_177&579_189&473_491&477-0_0_7_33_31_29_19-112-32_emb_使500309.jpg,使500309,使500309,1,0,7,7
41,datasets/special_ccpd2019_base_cvreplace_v1_20260526/images/val/0186063218391-89_93-241&465_480&550-480&549_236&552_240&465_484&462-0_0_13_24_32_24_1-177-36_emb_使787051.jpg,使787051,使787051,1,0,7,7
42,datasets/special_ccpd2019_base_cvreplace_v1_20260526/images/val/0221551724138-90_91-202&444_483&534-497&536_205&532_204&444_496&448-10_4_12_24_24_12_24-141-39_emb_使412544.jpg,使412544,使412544,1,0,7,7
43,datasets/special_ccpd2019_base_cvreplace_v1_20260526/images/val/00782207854407-90_85-148&426_301&490-313&489_157&502_152&445_308&432-0_0_22_27_1_25_24-72-9_emb_使781054.jpg,使781054,使781054,1,0,7,7
44,datasets/special_ccpd2019_base_cvreplace_v1_20260526/images/val/0340780651341-106_69-222&477_447&629-441&634_222&559_218&465_437&540-0_16_12_24_24_27_25-110-75_emb_使132231.jpg,使132231,使132231,1,0,7,7
45,datasets/special_ccpd2019_base_cvreplace_v1_20260526/images/val/0126724137931-90_96-283&487_488&555-493&550_289&569_300&495_504&476-0_0_6_23_32_26_33-58-9_emb_使574094.jpg,使574094,使574094,1,0,7,7
46,datasets/special_ccpd2019_base_cvreplace_v1_20260526/images/val/00808189655172-92_83-198&564_343&643-342&638_200&628_192&575_334&585-0_0_4_24_26_32_15-85-28_emb_使162337.jpg,使162337,使16237,0,1,7,6
47,datasets/special_ccpd2019_base_cvreplace_v1_20260526/images/val/0180172413793-89_87-165&443_412&539-422&526_172&531_162&447_412&442-0_0_26_27_21_30_32-63-76_emb_使371792.jpg,使371792,使371792,1,0,7,7
48,datasets/special_ccpd2019_base_cvreplace_v1_20260526/images/val/0362715517241-95_80-217&466_540&589-534&604_225&563_219&463_528&504-1_2_24_2_3_25_32-160-36_emb_使855076.jpg,使855076,使855076,1,0,7,7
49,datasets/special_ccpd2019_base_cvreplace_v1_20260526/images/val/0202921455938-89_90-338&503_581&601-577&583_337&595_343&501_583&489-0_0_15_24_30_30_23-60-21_emb_使340489.jpg,使340489,使340489,1,0,7,7
50,datasets/special_ccpd2019_base_cvreplace_v1_20260526/images/val/0316666666667-101_73-252&487_498&622-503&623_259&566_242&480_486&537-0_0_7_3_27_26_24-133-60_emb_使509933.jpg,使509933,使509933,1,0,7,7
51,datasets/special_ccpd2019_base_cvreplace_v1_20260526/images/val/0158010057471-90_83-168&539_429&607-446&608_181&607_153&527_418&528-0_0_1_24_1_25_30-50-18_emb_使636089.jpg,使636089,使636089,1,0,7,7
52,datasets/special_ccpd2019_base_cvreplace_v1_20260526/images/val/0272892720307-89_95-371&504_645&602-629&585_365&605_390&506_654&486-0_0_8_24_31_29_17-169-50_emb_使964746.jpg,使964746,使964746,1,0,7,7
53,datasets/special_ccpd2019_base_cvreplace_v1_20260526/images/val/0315134099617-90_87-273&518_627&617-631&628_294&614_284&520_621&534-0_0_11_30_33_24_17-101-39_emb_使012087.jpg,使012087,使012087,1,0,7,7
54,datasets/special_ccpd2019_base_cvreplace_v1_20260526/images/val/0184782088122-90_90-281&498_555&566-555&580_298&580_299&501_556&501-0_0_32_31_1_27_30-39-10_emb_使537933.jpg,使537933,使537933,1,0,7,7
55,datasets/special_ccpd2019_base_cvreplace_v1_20260526/images/val/0159578544062-91_84-257&517_469&602-476&605_265&590_249&515_460&530-0_0_27_32_26_1_33-105-35_emb_使772614.jpg,使772614,使772614,1,0,7,7
56,datasets/special_ccpd2019_base_cvreplace_v1_20260526/images/val/0157028256705-90_90-274&558_511&635-521&642_270&641_277&557_528&558-0_0_13_16_26_24_26-159-75_emb_使317787.jpg,使317787,使317787,1,0,7,7
57,datasets/special_ccpd2019_base_cvreplace_v1_20260526/images/val/0144001436781-90_87-203&524_444&607-459&597_236&599_213&528_436&526-0_0_22_30_15_26_33-98-24_emb_使314709.jpg,使314709,使314709,1,0,7,7
58,datasets/special_ccpd2019_base_cvreplace_v1_20260526/images/val/0161242816092-88_91-220&342_446&428-451&412_241&423_242&350_452&339-0_11_25_31_25_29_25-115-49_emb_使139265.jpg,使139265,使139265,1,0,7,7
59,datasets/special_ccpd2019_base_cvreplace_v1_20260526/images/val/0225933908046-90_91-265&464_533&537-523&540_276&547_276&463_523&456-0_0_33_26_24_20_29-127-34_emb_使674147.jpg,使674147,使674147,1,0,7,7
60,datasets/special_ccpd2019_base_cvreplace_v1_20260526/images/val/0353017241379-90_90-206&395_538&511-535&504_200&507_202&396_537&393-0_0_18_31_4_24_24-56-17_emb_使322407.jpg,使322407,使322407,1,0,7,7
61,datasets/special_ccpd2019_base_cvreplace_v1_20260526/images/val/00732519157088-90_96-310&504_483&552-498&561_295&562_297&495_500&494-0_0_18_31_27_33_30-129-18_emb_使995193.jpg,使995193,使995193,1,0,7,7
62,datasets/special_ccpd2019_base_cvreplace_v1_20260526/images/val/0316487068966-89_87-213&417_543&528-528&521_209&528_213&420_532&413-0_0_8_29_10_33_32-125-121_emb_使402899.jpg,使402899,使402899,1,0,7,7
63,datasets/special_ccpd2019_base_cvreplace_v1_20260526/images/val/015625-91_83-170&508_407&588-414&582_181&573_170&500_403&509-0_2_29_24_29_32_25-134-54_emb_使645074.jpg,使645074,使645074,1,0,7,7
64,datasets/special_ccpd2019_base_cvreplace_v1_20260526/images/val/0080316091954-90_90-282&495_445&558-440&554_286&550_288&499_442&503-0_0_1_2_28_27_26-54-45_emb_使115589.jpg,使115589,使115589,1,0,7,7
65,datasets/special_ccpd2019_base_cvreplace_v1_20260526/images/val/0178448275862-89_91-344&578_578&649-581&654_332&650_335&565_584&569-0_0_12_32_10_32_33-142-14_emb_使773654.jpg,使773654,使773654,1,0,7,7
66,datasets/special_ccpd2019_base_cvreplace_v1_20260526/images/val/039691091954-94_87-111&508_452&629-457&632_123&599_121&506_455&539-0_0_7_33_24_29_4-80-114_emb_使337344.jpg,使337344,使337344,1,0,7,7
67,datasets/special_ccpd2019_base_cvreplace_v1_20260526/images/val/0319564176245-92_78-187&501_528&596-524&619_191&589_171&484_504&514-0_0_10_24_1_27_30-164-47_emb_使875425.jpg,使875425,使875425,1,0,7,7
68,datasets/special_ccpd2019_base_cvreplace_v1_20260526/images/val/0277143199234-91_86-237&481_562&585-552&583_255&561_256&467_553&489-0_0_14_12_25_33_33-60-29_emb_使375722.jpg,使375722,使375722,1,0,7,7
69,datasets/special_ccpd2019_base_cvreplace_v1_20260526/images/val/0132363505747-90_88-201&396_430&459-429&461_200&462_194&386_423&385-0_0_24_30_24_31_25-141-56_emb_使284401.jpg,使284401,使284401,1,0,7,7
70,datasets/special_ccpd2019_base_cvreplace_v1_20260526/images/val/014533045977-90_79-147&443_397&521-414&531_143&516_120&427_391&442-0_0_21_32_24_32_13-148-59_emb_使709015.jpg,使709015,使709015,1,0,7,7
71,datasets/special_ccpd2019_base_cvreplace_v1_20260526/images/val/0386386494253-90_87-148&469_515&609-530&614_141&605_129&467_518&476-0_0_27_25_26_21_31-122-32_emb_使170237.jpg,使170237,使170237,1,0,7,7
72,datasets/special_ccpd2019_base_cvreplace_v1_20260526/images/val/0270210727969-94_88-115&549_377&660-376&659_130&638_137&556_383&577-0_0_3_3_33_33_26-107-167_emb_使869249.jpg,使869249,使869249,1,0,7,7
73,datasets/special_ccpd2019_base_cvreplace_v1_20260526/images/val/0142636494253-90_90-314&407_535&467-537&464_312&479_315&412_540&397-0_0_4_32_31_33_31-119-36_emb_使378237.jpg,使378237,使378237,1,0,7,7
74,datasets/special_ccpd2019_base_cvreplace_v1_20260526/images/val/0357375478927-92_84-179&446_546&552-534&557_189&541_185&439_530&455-0_0_1_12_27_27_27-59-49_emb_使961683.jpg,使961683,使961683,1,0,7,7
75,datasets/special_ccpd2019_base_cvreplace_v1_20260526/images/val/00930795019157-91_81-259&451_437&515-444&521_256&521_249&456_437&456-0_0_0_8_26_26_24-147-28_emb_使967613.jpg,使967613,使967613,1,0,7,7
76,datasets/special_ccpd2019_base_cvreplace_v1_20260526/images/val/0144755747126-87_92-204&420_404&488-405&477_208&502_211&432_408&407-0_8_4_4_29_30_31-111-48_emb_使101998.jpg,使101998,使101998,1,0,7,7
77,datasets/special_ccpd2019_base_cvreplace_v1_20260526/images/val/0278855363985-93_84-243&471_546&567-562&572_258&555_240&468_544&485-0_0_21_20_30_32_26-102-78_emb_使598497.jpg,使598497,使598497,1,0,7,7
78,datasets/special_ccpd2019_base_cvreplace_v1_20260526/images/val/0257136015326-95_83-196&443_453&546-458&554_198&519_193&425_453&460-0_0_6_26_31_32_10-154-75_emb_使052006.jpg,使052006,使052006,1,0,7,7
79,datasets/special_ccpd2019_base_cvreplace_v1_20260526/images/val/0290229885057-89_92-195&483_503&579-512&580_197&579_194&475_509&476-0_3_25_27_28_33_33-94-140_emb_使949326.jpg,使949326,使949326,1,0,7,7
80,datasets/special_ccpd2019_base_cvreplace_v1_20260526/images/val/0129454022988-90_84-262&504_494&570-486&564_276&565_271&496_481&495-0_0_10_31_25_24_12-84-51_emb_使754681.jpg,使754681,使754681,1,0,7,7
81,datasets/special_ccpd2019_base_cvreplace_v1_20260526/images/val/0199137931034-95_76-213&435_458&510-452&529_234&502_222&425_440&452-0_0_8_27_26_26_11-84-60_emb_使968926.jpg,使968926,使968926,1,0,7,7
82,datasets/special_ccpd2019_base_cvreplace_v1_20260526/images/val/0214978448276-100_74-178&519_390&637-398&640_187&593_174&510_385&557-0_0_26_20_30_26_24-177-39_emb_使325699.jpg,使325699,使325699,1,0,7,7
83,datasets/special_ccpd2019_base_cvreplace_v1_20260526/images/val/0280016762452-87_90-383&380_651&489-651&472_388&489_386&395_649&378-0_0_6_18_25_24_33-89-30_emb_使204467.jpg,使204467,使204467,1,0,7,7
84,datasets/special_ccpd2019_base_cvreplace_v1_20260526/images/val/0239367816092-90_91-334&530_579&634-573&629_330&632_343&533_586&530-0_0_1_21_26_27_31-56-61_emb_使334857.jpg,使334857,使34857,0,1,7,6
85,datasets/special_ccpd2019_base_cvreplace_v1_20260526/images/val/0103927203065-90_86-388&529_554&593-553&592_394&593_392&527_551&526-0_0_7_29_31_24_11-160-18_emb_使206908.jpg,使206908,使206908,1,0,7,7
86,datasets/special_ccpd2019_base_cvreplace_v1_20260526/images/val/0190373563219-93_92-409&484_635&570-636&577_399&550_399&471_636&498-0_0_10_3_30_28_26-126-55_emb_使870975.jpg,使870975,使870975,1,0,7,7
87,datasets/special_ccpd2019_base_cvreplace_v1_20260526/images/val/0212056992338-89_90-264&479_478&570-472&553_268&575_276&486_480&464-0_0_21_25_33_26_3-52-14_emb_使474732.jpg,使474732,使674732,0,0,7,7
88,datasets/special_ccpd2019_base_cvreplace_v1_20260526/images/val/0137164750958-94_81-270&475_470&552-491&561_273&542_260&470_478&489-0_0_9_23_26_31_31-109-43_emb_使231864.jpg,使231864,使231864,1,0,7,7
89,datasets/special_ccpd2019_base_cvreplace_v1_20260526/images/val/0397844827586-77_100-183&447_440&604-453&532_210&606_204&507_447&433-0_0_12_33_28_32_32-60-39_emb_使100253.jpg,使100253,使100253,1,0,7,7
90,datasets/special_ccpd2019_base_cvreplace_v1_20260526/images/val/0256034482759-89_90-276&297_533&394-551&386_283&398_284&304_552&292-0_0_22_8_33_28_31-116-52_emb_使991154.jpg,使991154,使991154,1,0,7,7
91,datasets/special_ccpd2019_base_cvreplace_v1_20260526/images/val/00905172413793-90_87-214&520_403&581-415&584_209&583_209&518_415&519-0_0_20_7_33_32_30-143-26_emb_使233614.jpg,使233614,使233614,1,0,7,7
92,datasets/special_ccpd2019_base_cvreplace_v1_20260526/images/val/0102370689655-90_91-255&484_452&547-448&543_256&541_253&480_445&482-0_0_10_31_20_31_32-95-11_emb_使242817.jpg,使242817,使242817,1,0,7,7
93,datasets/special_ccpd2019_base_cvreplace_v1_20260526/images/val/027503591954-91_90-195&529_451&638-454&634_203&626_211&528_462&536-0_0_19_26_29_28_28-174-36_emb_使478638.jpg,使478638,使478638,1,0,7,7
94,datasets/special_ccpd2019_base_cvreplace_v1_20260526/images/val/0173311781609-84_92-339&328_558&432-567&397_350&428_332&356_549&325-0_0_13_31_2_25_24-66-11_emb_使728426.jpg,使728426,使728426,1,0,7,7
95,datasets/special_ccpd2019_base_cvreplace_v1_20260526/images/val/0307159961686-95_83-119&478_388&588-394&586_120&559_121&466_395&493-0_0_3_5_33_27_24-160-79_emb_使650245.jpg,使650245,使650245,1,0,7,7
96,datasets/special_ccpd2019_base_cvreplace_v1_20260526/images/val/0276185344828-98_84-261&293_513&418-524&417_261&371_253&284_516&330-0_0_32_27_9_31_32-76-46_emb_使641634.jpg,使641634,使641634,1,0,7,7
97,datasets/special_ccpd2019_base_cvreplace_v1_20260526/images/val/0337164750958-94_75-199&470_533&582-559&585_217&558_178&458_520&485-0_0_4_33_31_26_4-133-152_emb_使486548.jpg,使486548,使486548,1,0,7,7
98,datasets/special_ccpd2019_base_cvreplace_v1_20260526/images/val/0125694444445-92_86-322&464_516&543-517&542_321&529_317&467_513&480-0_0_3_33_30_31_23-122-37_emb_使717831.jpg,使717831,使717831,1,0,7,7
99,datasets/special_ccpd2019_base_cvreplace_v1_20260526/images/val/0379166666667-90_84-163&443_553&562-556&555_176&544_167&443_547&454-0_0_22_29_6_31_29-97-165_emb_使165604.jpg,使165604,使165604,1,0,7,7
100,datasets/special_ccpd2019_base_cvreplace_v1_20260526/images/val/0219468390805-87_98-406&587_657&675-653&655_395&679_401&603_659&579-0_0_29_32_3_29_25-73-38_emb_使372819.jpg,使372819,使372819,1,0,7,7
101,datasets/special_ccpd2019_base_cvreplace_v1_20260526/images/val/0318223180076-89_89-190&479_466&588-471&568_206&591_200&497_465&474-0_0_27_27_25_5_33-146-47_emb_使718305.jpg,使718305,使718305,1,0,7,7
102,datasets/special_ccpd2019_base_cvreplace_v1_20260526/images/val/0237859195402-94_79-232&571_516&668-512&669_234&653_218&563_496&579-0_0_2_29_26_29_21-147-71_emb_使465465.jpg,使465465,使465465,1,0,7,7
103,datasets/special_ccpd2019_base_cvreplace_v1_20260526/images/val/0150933908046-89_91-314&466_539&544-539&545_305&546_307&461_541&460-0_0_5_18_32_29_25-112-20_emb_使811169.jpg,使811169,使811169,1,0,7,7
104,datasets/special_ccpd2019_base_cvreplace_v1_20260526/images/val/0130651340996-91_91-202&540_391&608-388&609_201&610_207&539_394&538-0_0_3_27_24_25_0-165-18_emb_使677553.jpg,使677553,使677553,1,0,7,7
105,datasets/special_ccpd2019_base_cvreplace_v1_20260526/images/val/0294097222222-90_90-179&481_521&569-521&578_188&581_191&475_524&472-0_0_22_31_11_30_30-168-53_emb_使999515.jpg,使999515,使999515,1,0,7,7
106,datasets/special_ccpd2019_base_cvreplace_v1_20260526/images/val/0232040229885-93_87-228&491_478&609-487&604_223&590_212&482_476&496-0_0_17_7_24_28_29-83-21_emb_使697974.jpg,使697974,使697974,1,0,7,7
107,datasets/special_ccpd2019_base_cvreplace_v1_20260526/images/val/0216522988505-90_94-246&480_542&569-528&572_250&568_281&480_559&484-0_0_20_28_24_25_20-101-158_emb_使649789.jpg,使649789,使649789,1,0,7,7
108,datasets/special_ccpd2019_base_cvreplace_v1_20260526/images/val/0274305555555-93_72-189&429_492&548-510&543_226&512_188&418_472&449-0_0_33_10_31_33_24-88-16_emb_使980055.jpg,使980055,使980055,1,0,7,7
109,datasets/special_ccpd2019_base_cvreplace_v1_20260526/images/val/0362787356322-96_83-206&471_529&601-539&605_208&562_191&472_522&515-1_0_24_22_31_24_26-89-63_emb_使522163.jpg,使522163,使522163,1,0,7,7
110,datasets/special_ccpd2019_base_cvreplace_v1_20260526/images/val/0128987068966-90_90-299&610_523&674-524&686_318&675_320&603_526&614-0_12_5_16_27_30_30-39-19_emb_使595518.jpg,使595518,使595518,1,0,7,7
111,datasets/special_ccpd2019_base_cvreplace_v1_20260526/images/val/014534243295-89_92-309&527_512&605-509&598_307&610_314&532_516&520-0_0_10_22_33_31_31-81-21_emb_使262168.jpg,使262168,使262168,1,0,7,7
112,datasets/special_ccpd2019_base_cvreplace_v1_20260526/images/val/0270713601533-87_90-279&479_536&585-537&571_287&585_295&485_545&471-0_0_27_33_6_27_33-127-117_emb_使210938.jpg,使210938,使210938,1,0,7,7
113,datasets/special_ccpd2019_base_cvreplace_v1_20260526/images/val/0118678160919-90_90-468&564_659&639-645&633_477&634_476&568_644&567-0_0_19_21_24_33_26-103-39_emb_使677260.jpg,使677260,使67260,0,1,7,6
114,datasets/special_ccpd2019_base_cvreplace_v1_20260526/images/val/041091954023-89_89-162&482_507&602-521&594_166&603_170&483_525&474-0_0_19_31_24_32_6-168-56_emb_使734654.jpg,使734654,使734654,1,0,7,7
115,datasets/special_ccpd2019_base_cvreplace_v1_20260526/images/val/00352011494253-90_83-296&410_421&447-411&450_296&454_293&416_408&412-0_0_26_30_22_29_30-99-11_emb_使703594.jpg,使703594,使703594,1,0,7,7
116,datasets/special_ccpd2019_base_cvreplace_v1_20260526/images/val/0212045019157-91_90-232&489_493&586-492&578_239&572_237&496_490&502-0_0_23_23_31_25_31-76-118_emb_使433646.jpg,使433646,使433646,1,0,7,7
117,datasets/special_ccpd2019_base_cvreplace_v1_20260526/images/val/0225095785441-94_78-214&418_451&513-458&515_216&486_203&406_445&435-0_0_30_10_27_32_26-147-24_emb_使342427.jpg,使342427,使342427,1,0,7,7
118,datasets/special_ccpd2019_base_cvreplace_v1_20260526/images/val/0218390804598-99_70-209&438_419&540-424&558_212&508_196&427_408&477-0_4_24_28_30_27_31-56-25_emb_使183260.jpg,使183260,使18326,0,1,7,6
119,datasets/special_ccpd2019_base_cvreplace_v1_20260526/images/val/0221875-92_87-264&577_549&656-543&660_256&646_253&572_540&586-0_0_0_33_11_30_24-74-30_emb_使562760.jpg,使562760,使562760,1,0,7,7
120,datasets/special_ccpd2019_base_cvreplace_v1_20260526/images/val/0134997605364-90_90-211&448_438&509-430&513_217&517_217&448_430&444-0_0_29_26_26_32_27-124-37_emb_使572078.jpg,使572078,使572078,1,0,7,7
121,datasets/special_ccpd2019_base_cvreplace_v1_20260526/images/val/0324521072797-90_88-207&468_542&566-534&578_213&577_215&464_536&465-0_0_10_32_18_27_26-176-68_emb_使234671.jpg,使234671,使234671,1,0,7,7
122,datasets/special_ccpd2019_base_cvreplace_v1_20260526/images/val/0210201149426-90_86-256&497_536&585-528&582_264&583_269&493_533&492-0_0_0_20_27_31_32-136-23_emb_使915430.jpg,使915430,使915430,1,0,7,7
123,datasets/special_ccpd2019_base_cvreplace_v1_20260526/images/val/0253927203065-94_82-243&503_538&612-514&620_276&570_266&488_504&538-0_7_22_1_27_27_32-37-13_emb_使662417.jpg,使662417,使62417,0,1,7,6
124,datasets/special_ccpd2019_base_cvreplace_v1_20260526/images/val/0189331896552-90_85-166&540_437&627-450&624_176&627_150&538_424&535-0_0_7_29_22_24_30-75-20_emb_使029756.jpg,使029756,使029756,1,0,7,7
125,datasets/special_ccpd2019_base_cvreplace_v1_20260526/images/val/0193330938697-90_88-182&531_431&624-433&614_186&615_192&534_439&533-0_0_7_29_30_27_29-69-200_emb_使450573.jpg,使450573,使450573,1,0,7,7
126,datasets/special_ccpd2019_base_cvreplace_v1_20260526/images/val/0347808908046-90_56-87&478_537&578-536&575_150&571_59&484_445&488-0_0_4_27_25_33_7-105-92_emb_使029709.jpg,使029709,使029709,1,0,7,7
127,datasets/special_ccpd2019_base_cvreplace_v1_20260526/images/val/0226065613027-94_78-190&579_445&684-456&702_196&665_177&575_437&612-0_0_16_7_30_30_27-142-42_emb_使288011.jpg,使288011,使288011,1,0,7,7
128,datasets/special_ccpd2019_base_cvreplace_v1_20260526/images/val/0660632183908-84_95-136&517_512&693-512&636_155&701_159&573_516&508-0_0_32_31_31_24_29-52-165_emb_使761778.jpg,使761778,使76178,0,1,7,6
129,datasets/special_ccpd2019_base_cvreplace_v1_20260526/images/val/0335404693486-98_80-187&482_460&607-467&615_189&565_184&477_462&527-0_0_29_29_26_12_31-151-80_emb_使003860.jpg,使003860,使003860,1,0,7,7
130,datasets/special_ccpd2019_base_cvreplace_v1_20260526/images/val/0159219348659-91_92-211&493_459&573-466&579_209&589_206&505_463&495-0_0_19_32_19_26_27-76-10_emb_使277351.jpg,使277351,使277351,1,0,7,7
131,datasets/special_ccpd2019_base_cvreplace_v1_20260526/images/val/0175167624521-91_86-250&493_466&582-473&580_254&566_237&487_456&501-16_7_23_23_33_32_32-123-76_emb_使759926.jpg,使759926,使759926,1,0,7,7
132,datasets/special_ccpd2019_base_cvreplace_v1_20260526/images/val/0406321839081-91_84-157&445_527&572-540&582_147&574_155&442_548&450-0_0_10_27_29_25_24-90-92_emb_使502739.jpg,使502739,使502739,1,0,7,7
133,datasets/special_ccpd2019_base_cvreplace_v1_20260526/images/val/021099137931-90_88-240&493_515&588-516&587_243&582_237&500_510&505-0_0_24_24_16_26_24-78-21_emb_使782388.jpg,使782388,使782388,1,0,7,7
134,datasets/special_ccpd2019_base_cvreplace_v1_20260526/images/val/0561063218391-99_66-171&428_522&590-524&608_183&531_157&415_498&492-0_0_25_24_32_5_32-129-198_emb_使754893.jpg,使754893,使754893,1,0,7,7
135,datasets/special_ccpd2019_base_cvreplace_v1_20260526/images/val/0219109195402-89_90-228&441_497&529-511&512_229&534_224&451_506&429-0_0_23_24_32_31_12-133-26_emb_使444254.jpg,使444254,使444254,1,0,7,7
136,datasets/special_ccpd2019_base_cvreplace_v1_20260526/images/val/0260536398467-89_87-199&411_488&510-507&502_213&499_202&417_496&420-0_0_4_31_32_33_32-134-157_emb_使060516.jpg,使060516,使060516,1,0,7,7
137,datasets/special_ccpd2019_base_cvreplace_v1_20260526/images/val/013433908046-90_92-317&402_546&489-543&487_317&486_321&407_547&408-0_0_13_13_29_29_26-164-49_emb_使147664.jpg,使147664,使147664,1,0,7,7
138,datasets/special_ccpd2019_base_cvreplace_v1_20260526/images/val/0381465517241-97_64-178&490_487&623-493&624_200&574_170&480_463&530-0_0_6_3_25_31_30-126-126_emb_使108332.jpg,使108332,使108332,1,0,7,7
139,datasets/special_ccpd2019_base_cvreplace_v1_20260526/images/val/0542289272031-83_95-209&510_571&667-577&610_212&671_215&553_580&492-2_14_19_29_24_26_26-148-152_emb_使980790.jpg,使980790,使980790,1,0,7,7
140,datasets/special_ccpd2019_base_cvreplace_v1_20260526/images/val/0366343390805-90_91-237&485_576&596-574&594_245&596_243&485_572&483-0_0_11_27_10_27_25-142-37_emb_使338611.jpg,使338611,使338611,1,0,7,7
141,datasets/special_ccpd2019_base_cvreplace_v1_20260526/images/val/015-90_86-134&500_372&572-366&573_129&581_128&501_365&493-0_0_21_29_33_33_22-134-45_emb_使311819.jpg,使311819,使311819,1,0,7,7
142,datasets/special_ccpd2019_base_cvreplace_v1_20260526/images/val/0239224137931-90_84-193&482_479&583-474&572_188&580_190&488_476&480-0_0_9_27_32_32_2-117-41_emb_使140666.jpg,使140666,使140666,1,0,7,7
143,datasets/special_ccpd2019_base_cvreplace_v1_20260526/images/val/0455435823755-104_72-205&416_503&575-509&601_203&513_200&414_506&502-0_0_2_16_25_24_28-112-20_emb_使711788.jpg,使711788,使711788,1,0,7,7
144,datasets/special_ccpd2019_base_cvreplace_v1_20260526/images/val/017653256705-95_85-293&438_509&536-504&536_285&502_283&429_502&463-0_0_24_27_2_26_27-185-27_emb_使795912.jpg,使795912,使795912,1,0,7,7
145,datasets/special_ccpd2019_base_cvreplace_v1_20260526/images/val/034061302682-85_92-245&532_509&665-523&629_242&664_247&549_528&514-0_0_6_6_28_33_32-116-60_emb_使272255.jpg,使272255,使272255,1,0,7,7
146,datasets/special_ccpd2019_base_cvreplace_v1_20260526/images/val/0157207854407-91_86-272&426_494&512-492&513_267&508_272&425_497&430-0_3_26_24_29_25_27-143-32_emb_使662799.jpg,使662799,使662799,1,0,7,7
147,datasets/special_ccpd2019_base_cvreplace_v1_20260526/images/val/0136578065134-90_91-239&501_444&575-444&576_245&572_253&497_452&501-0_0_1_25_28_32_1-59-12_emb_使911779.jpg,使911779,使9179,0,1,7,5
148,datasets/special_ccpd2019_base_cvreplace_v1_20260526/images/val/0157028256705-90_89-198&488_443&550-447&560_207&562_202&482_442&480-0_0_5_29_25_24_24-126-14_emb_使572229.jpg,使572229,使572229,1,0,7,7
149,datasets/special_ccpd2019_base_cvreplace_v1_20260526/images/val/0361302681993-91_88-158&511_509&611-513&616_166&613_168&503_515&506-10_4_8_30_24_2_25-108-28_emb_使561188.jpg,使561188,使561188,1,0,7,7
150,datasets/special_ccpd2019_base_cvreplace_v1_20260526/images/val/0191762452107-89_96-181&446_407&546-403&523_192&541_206&459_417&441-0_0_2_26_0_25_33-78-18_emb_使712867.jpg,使712867,使712867,1,0,7,7
151,datasets/special_ccpd2019_base_cvreplace_v1_20260526/images/val/0180962643678-89_85-176&377_445&449-456&458_171&455_170&366_455&369-0_0_12_11_33_29_31-146-61_emb_使177211.jpg,使177211,使177211,1,0,7,7
152,datasets/special_ccpd2019_base_cvreplace_v1_20260526/images/val/00624640804598-89_86-249&489_407&541-412&543_247&544_240&489_405&488-0_0_14_8_29_24_33-132-17_emb_使345752.jpg,使345752,使345752,1,0,7,7
153,datasets/special_ccpd2019_base_cvreplace_v1_20260526/images/val/0157231800766-90_91-268&402_477&476-478&469_274&478_284&399_488&390-0_0_26_27_28_0_24-150-33_emb_使059419.jpg,使059419,使059419,1,0,7,7
154,datasets/special_ccpd2019_base_cvreplace_v1_20260526/images/val/0167528735633-90_90-241&457_469&560-474&551_239&546_243&463_478&468-0_0_10_32_25_33_17-86-16_emb_使541935.jpg,使541935,使541935,1,0,7,7
155,datasets/special_ccpd2019_base_cvreplace_v1_20260526/images/val/0133081896552-91_82-207&457_420&525-426&532_206&518_190&443_410&457-0_0_18_6_30_30_33-24-11_emb_使213620.jpg,使213620,使213620,1,0,7,7
156,datasets/special_ccpd2019_base_cvreplace_v1_20260526/images/val/0183141762452-92_68-221&503_471&595-489&593_239&569_208&492_458&516-0_0_30_33_9_29_27-96-50_emb_使579362.jpg,使579362,使579362,1,0,7,7
157,datasets/special_ccpd2019_base_cvreplace_v1_20260526/images/val/0311159003831-90_92-276&498_583&612-582&605_278&606_289&507_593&506-26_0_16_27_24_6_31-102-56_emb_使711278.jpg,使711278,使711278,1,0,7,7
158,datasets/special_ccpd2019_base_cvreplace_v1_20260526/images/val/0370785440614-94_81-333&401_665&518-666&527_322&496_315&395_659&426-0_0_2_29_27_29_18-160-165_emb_使089585.jpg,使089585,使089585,1,0,7,7
159,datasets/special_ccpd2019_base_cvreplace_v1_20260526/images/val/00931034482759-91_87-340&435_514&493-506&493_346&487_347&434_507&440-0_0_4_30_32_30_1-111-77_emb_使746027.jpg,使746027,使746027,1,0,7,7
160,datasets/special_ccpd2019_base_cvreplace_v1_20260526/images/val/0327274904214-90_86-222&504_571&607-574&605_238&605_236&506_572&506-0_0_4_2_33_32_24-117-145_emb_使488458.jpg,使488458,使488458,1,0,7,7
161,datasets/special_ccpd2019_base_cvreplace_v1_20260526/images/val/0218390804598-91_86-217&470_475&569-488&567_209&551_209&452_488&468-0_0_8_24_28_31_31-107-28_emb_使905988.jpg,使905988,使905988,1,0,7,7
162,datasets/special_ccpd2019_base_cvreplace_v1_20260526/images/val/0231681034483-88_88-235&518_489&613-495&604_241&616_235&518_489&506-0_7_9_25_5_30_32-180-46_emb_使859517.jpg,使859517,使859517,1,0,7,7
163,datasets/special_ccpd2019_base_cvreplace_v1_20260526/images/val/0115181992338-90_90-309&479_514&556-504&546_315&545_319&485_508&486-0_0_11_8_31_31_33-85-15_emb_使181969.jpg,使181969,使181969,1,0,7,7
164,datasets/special_ccpd2019_base_cvreplace_v1_20260526/images/val/00377155172414-93_83-329&552_425&610-421&609_328&596_321&542_414&555-0_0_24_30_26_24_32-104-14_emb_使219249.jpg,使219249,使2925,0,1,7,5
165,datasets/special_ccpd2019_base_cvreplace_v1_20260526/images/val/033125-98_81-94&429_373&568-381&571_97&512_95&421_379&480-0_0_1_30_24_32_33-146-56_emb_使730458.jpg,使730458,使730458,1,0,7,7
166,datasets/special_ccpd2019_base_cvreplace_v1_20260526/images/val/0145498084291-90_86-250&495_454&560-455&563_250&569_255&493_460&487-0_0_8_23_26_25_31-125-26_emb_使970333.jpg,使970333,使97033,0,1,7,6
167,datasets/special_ccpd2019_base_cvreplace_v1_20260526/images/val/0167456896552-89_89-388&431_625&506-633&514_380&518_377&435_630&431-0_0_15_15_24_30_31-113-16_emb_使548852.jpg,使548852,使548852,1,0,7,7
168,datasets/special_ccpd2019_base_cvreplace_v1_20260526/images/val/0158117816092-89_86-171&489_410&552-415&558_190&560_175&487_400&485-0_0_16_25_27_30_31-91-15_emb_使643890.jpg,使643890,使643890,1,0,7,7
169,datasets/special_ccpd2019_base_cvreplace_v1_20260526/images/val/0325574712643-96_73-253&411_540&528-568&540_265&501_229&397_532&436-0_11_2_13_32_32_32-200-29_emb_使375026.jpg,使375026,使375026,1,0,7,7
170,datasets/special_ccpd2019_base_cvreplace_v1_20260526/images/val/0158237547893-90_85-262&403_504&474-501&479_263&484_264&396_502&391-0_0_6_29_30_27_13-163-43_emb_使976794.jpg,使976794,使976794,1,0,7,7
171,datasets/special_ccpd2019_base_cvreplace_v1_20260526/images/val/0269576149426-92_70-173&446_474&545-482&549_204&526_162&438_440&461-0_9_21_26_30_30_17-67-27_emb_使365236.jpg,使365236,使365236,1,0,7,7
172,datasets/special_ccpd2019_base_cvreplace_v1_20260526/images/val/0208381226054-94_85-219&528_491&630-481&633_237&611_249&525_493&547-0_0_1_2_32_32_24-65-23_emb_使813418.jpg,使813418,使813418,1,0,7,7
173,datasets/special_ccpd2019_base_cvreplace_v1_20260526/images/val/0186170977012-94_80-180&364_414&471-421&469_188&442_176&365_409&392-10_4_26_32_33_6_13-136-58_emb_使762114.jpg,使762114,使762114,1,0,7,7
174,datasets/special_ccpd2019_base_cvreplace_v1_20260526/images/val/033909243295-78_102-221&458_466&607-455&544_236&603_245&514_464&455-0_0_16_0_33_32_29-79-181_emb_使199334.jpg,使199334,使199334,1,0,7,7
175,datasets/special_ccpd2019_base_cvreplace_v1_20260526/images/val/100550766283-87_88-108&457_624&632-620&610_130&648_102&482_592&444-0_0_7_31_21_32_31-93-336_emb_使647951.jpg,使647951,使647951,1,0,7,7
176,datasets/special_ccpd2019_base_cvreplace_v1_20260526/images/val/018911637931-86_89-315&463_536&560-546&539_317&564_311&478_540&453-0_0_21_10_29_28_30-165-54_emb_使660786.jpg,使660786,使660786,1,0,7,7
177,datasets/special_ccpd2019_base_cvreplace_v1_20260526/images/val/0185225095786-100_64-170&479_371&569-370&588_182&537_161&466_349&517-0_0_17_33_25_30_17-70-23_emb_使837015.jpg,使837015,使837015,1,0,7,7
178,datasets/special_ccpd2019_base_cvreplace_v1_20260526/images/val/0358620689655-89_89-206&567_537&685-529&665_227&680_217&568_519&553-0_0_24_29_32_19_30-138-57_emb_使579964.jpg,使579964,使579964,1,0,7,7
179,datasets/special_ccpd2019_base_cvreplace_v1_20260526/images/val/013584770115-91_87-203&485_392&565-399&563_204&560_208&483_403&486-0_0_8_27_27_29_6-135-29_emb_使710703.jpg,使710703,使710703,1,0,7,7
180,datasets/special_ccpd2019_base_cvreplace_v1_20260526/images/val/0190732758621-90_75-289&454_574&526-575&543_295&533_274&446_554&456-0_0_0_29_29_30_32-78-14_emb_使989093.jpg,使989093,使989093,1,0,7,7
181,datasets/special_ccpd2019_base_cvreplace_v1_20260526/images/val/0223060344828-89_93-275&482_515&569-517&563_278&574_283&478_522&467-19_1_15_32_24_19_30-202-17_emb_使914738.jpg,使914738,使914738,1,0,7,7
182,datasets/special_ccpd2019_base_cvreplace_v1_20260526/images/val/01811302682-90_88-185&439_465&507-471&518_192&521_188&441_467&438-0_0_20_30_26_27_22-59-33_emb_使578895.jpg,使578895,使578895,1,0,7,7
183,datasets/special_ccpd2019_base_cvreplace_v1_20260526/images/val/0129310344828-90_85-264&502_475&583-485&577_265&576_255&503_475&504-0_0_1_25_18_24_29-127-41_emb_使979854.jpg,使979854,使979854,1,0,7,7
184,datasets/special_ccpd2019_base_cvreplace_v1_20260526/images/val/0225862068966-90_91-255&495_540&580-529&583_256&575_255&491_528&499-0_0_3_30_10_30_25-134-85_emb_使057195.jpg,使057195,使057195,1,0,7,7
185,datasets/special_ccpd2019_base_cvreplace_v1_20260526/images/val/0272294061303-87_94-220&478_520&565-522&572_213&582_219&471_528&461-0_0_22_26_25_28_25-158-17_emb_使555276.jpg,使555276,使555276,1,0,7,7
186,datasets/special_ccpd2019_base_cvreplace_v1_20260526/images/val/0150143678161-90_85-131&612_369&691-383&688_146&683_131&617_368&622-0_0_24_20_24_27_24-156-59_emb_使454058.jpg,使454058,使454058,1,0,7,7
187,datasets/special_ccpd2019_base_cvreplace_v1_20260526/images/val/0281609195402-88_86-189&450_512&548-523&538_183&555_184&456_524&439-0_5_16_20_31_31_31-167-75_emb_使027679.jpg,使027679,使027679,1,0,7,7
188,datasets/special_ccpd2019_base_cvreplace_v1_20260526/images/val/0365038314176-93_83-205&469_514&606-510&607_201&574_194&468_503&501-0_0_8_27_3_30_32-130-100_emb_使349048.jpg,使349048,使349048,1,0,7,7
189,datasets/special_ccpd2019_base_cvreplace_v1_20260526/images/val/0126939655172-89_85-244&407_458&465-460&471_237&474_238&400_461&397-0_0_2_24_25_30_13-132-40_emb_使185007.jpg,使185007,使185007,1,0,7,7
190,datasets/special_ccpd2019_base_cvreplace_v1_20260526/images/val/00747126436781-90_89-306&499_474&553-478&549_305&551_306&496_479&494-0_0_23_11_26_26_33-139-26_emb_使068961.jpg,使068961,使068961,1,0,7,7
191,datasets/special_ccpd2019_base_cvreplace_v1_20260526/images/val/0434985632184-89_93-235&507_590&610-588&612_240&624_249&511_597&499-0_0_30_32_31_32_31-61-46_emb_使895159.jpg,使895159,使895159,1,0,7,7
192,datasets/special_ccpd2019_base_cvreplace_v1_20260526/images/val/022808908046-89_90-52&338_332&419-336&420_70&421_61&335_327&334-0_0_3_26_30_30_20-132-97_emb_使492493.jpg,使492493,使492493,1,0,7,7
193,datasets/special_ccpd2019_base_cvreplace_v1_20260526/images/val/0127083333333-89_88-222&487_404&569-415&562_223&571_222&496_414&487-0_0_1_31_21_29_29-90-39_emb_使375298.jpg,使375298,使375298,1,0,7,7
194,datasets/special_ccpd2019_base_cvreplace_v1_20260526/images/val/0354525862069-95_71-180&403_486&527-483&535_196&495_170&394_457&434-0_0_10_25_18_24_25-131-46_emb_使193067.jpg,使193067,使193067,1,0,7,7
195,datasets/special_ccpd2019_base_cvreplace_v1_20260526/images/val/0197449712643-90_83-206&493_476&576-463&585_216&574_192&489_439&500-0_0_7_7_30_32_24-159-36_emb_使384182.jpg,使384182,使384182,1,0,7,7
196,datasets/special_ccpd2019_base_cvreplace_v1_20260526/images/val/0384590517241-90_85-157&464_574&568-574&560_175&565_180&464_579&459-0_0_23_32_12_31_31-78-26_emb_使527086.jpg,使527086,使527086,1,0,7,7
197,datasets/special_ccpd2019_base_cvreplace_v1_20260526/images/val/0110201149425-90_90-289&490_482&561-474&554_291&555_293&494_476&493-0_12_16_13_33_33_30-92-31_emb_使068476.jpg,使068476,使068476,1,0,7,7
198,datasets/special_ccpd2019_base_cvreplace_v1_20260526/images/val/0280076628352-92_87-68&351_377&457-368&460_65&437_62&336_365&359-0_0_22_33_24_26_32-121-95_emb_使931987.jpg,使931987,使931987,1,0,7,7
199,datasets/special_ccpd2019_base_cvreplace_v1_20260526/images/val/0274904214559-89_84-226&425_535&537-546&539_226&551_204&444_524&432-0_0_9_25_26_30_15-154-45_emb_使887552.jpg,使887552,使887552,1,0,7,7
200,datasets/special_ccpd2019_base_cvreplace_v1_20260526/images/val/0247222222222-88_91-344&380_594&489-592&470_344&488_349&386_597&368-0_0_25_7_29_30_31-67-28_emb_使651771.jpg,使651771,使65171,0,1,7,6
201,datasets/special_ccpd2019_base_cvreplace_v1_20260526/images/val/0082974137931-89_88-275&452_437&512-442&519_265&519_270&461_447&461-0_0_21_29_30_33_20-43-20_emb_使143437.jpg,使143437,使143437,1,0,7,7
202,datasets/special_ccpd2019_base_cvreplace_v1_20260526/images/val/0333908045977-88_87-162&483_519&588-537&569_182&584_160&493_515&478-0_0_2_15_24_32_24-85-77_emb_使202185.jpg,使202185,使202185,1,0,7,7
203,datasets/special_ccpd2019_base_cvreplace_v1_20260526/images/val/014534243295-91_85-211&510_423&575-416&579_214&568_214&505_416&516-0_0_2_29_27_33_8-124-41_emb_使579772.jpg,使579772,使579772,1,0,7,7
204,datasets/special_ccpd2019_base_cvreplace_v1_20260526/images/val/0154094827586-90_83-250&580_512&652-505&645_250&666_250&591_505&570-0_0_15_8_24_29_33-111-41_emb_使182593.jpg,使182593,使182593,1,0,7,7
205,datasets/special_ccpd2019_base_cvreplace_v1_20260526/images/val/037338362069-90_90-127&451_583&559-590&588_122&581_129&434_597&441-0_0_32_22_31_26_24-125-178_emb_使691273.jpg,使691273,使691273,1,0,7,7
206,datasets/special_ccpd2019_base_cvreplace_v1_20260526/images/val/00867456896552-90_89-277&495_444&552-446&546_275&550_275&496_446&492-0_0_27_9_24_27_27-99-24_emb_使999946.jpg,使999946,使999946,1,0,7,7
207,datasets/special_ccpd2019_base_cvreplace_v1_20260526/images/val/0393103448276-98_70-140&431_455&581-457&593_148&518_131&413_440&488-0_0_12_32_26_26_20-155-98_emb_使476941.jpg,使476941,使476941,1,0,7,7
208,datasets/special_ccpd2019_base_cvreplace_v1_20260526/images/val/0477011494253-92_84-220&590_583&722-592&736_209&713_220&587_603&610-10_2_33_24_33_12_14-128-93_emb_使011050.jpg,使011050,使011050,1,0,7,7
209,datasets/special_ccpd2019_base_cvreplace_v1_20260526/images/val/00915349616858-87_90-427&299_581&363-577&345_441&364_434&313_570&294-0_0_11_1_33_25_27-87-21_emb_使245137.jpg,使245137,使245137,1,0,7,7
210,datasets/special_ccpd2019_base_cvreplace_v1_20260526/images/val/00853448275862-89_88-210&506_395&566-397&560_211&561_208&499_394&498-0_0_22_0_26_30_27-129-16_emb_使976872.jpg,使976872,使976872,1,0,7,7
211,datasets/special_ccpd2019_base_cvreplace_v1_20260526/images/val/0176484674329-91_89-254&405_481&488-490&485_260&485_263&406_493&406-0_0_25_0_29_28_27-158-34_emb_使536984.jpg,使536984,使536984,1,0,7,7
212,datasets/special_ccpd2019_base_cvreplace_v1_20260526/images/val/0200191570881-93_87-195&515_434&605-428&608_210&582_205&507_423&533-16_8_30_6_30_28_31-53-13_emb_使752211.jpg,使752211,使752211,1,0,7,7
213,datasets/special_ccpd2019_base_cvreplace_v1_20260526/images/val/0195450191571-94_79-194&511_421&613-425&609_206&588_193&510_412&531-0_0_31_32_32_4_33-44-55_emb_使053639.jpg,使053639,使053639,1,0,7,7
214,datasets/special_ccpd2019_base_cvreplace_v1_20260526/images/val/00380747126436-89_91-291&493_410&534-406&533_287&539_285&500_404&494-0_0_32_16_30_30_30-113-27_emb_使407421.jpg,使407421,使407421,1,0,7,7
215,datasets/special_ccpd2019_base_cvreplace_v1_20260526/images/val/0381345785441-92_86-197&422_542&539-545&546_200&525_200&408_545&429-0_0_0_29_33_31_23-103-82_emb_使717195.jpg,使717195,使717195,1,0,7,7
216,datasets/special_ccpd2019_base_cvreplace_v1_20260526/images/val/0459913793103-81_105-144&459_440&592-431&541_147&592_173&496_457&445-0_0_11_33_32_25_15-108-138_emb_使937724.jpg,使937724,使937724,1,0,7,7
217,datasets/special_ccpd2019_base_cvreplace_v1_20260526/images/val/0256393678161-94_88-170&504_445&610-438&609_173&580_170&498_435&527-0_0_31_31_10_31_30-80-10_emb_使849531.jpg,使849531,使849531,1,0,7,7
218,datasets/special_ccpd2019_base_cvreplace_v1_20260526/images/val/0162045019157-93_80-188&363_393&444-416&458_184&437_168&359_400&380-0_0_16_17_28_25_30-104-39_emb_使539376.jpg,使539376,使539376,1,0,7,7
219,datasets/special_ccpd2019_base_cvreplace_v1_20260526/images/val/030625-94_81-148&483_467&600-484&597_161&574_149&491_472&514-0_0_4_12_27_27_29-90-43_emb_使316168.jpg,使316168,使316168,1,0,7,7
220,datasets/special_ccpd2019_base_cvreplace_v1_20260526/images/val/0313864942529-96_74-218&443_482&570-492&570_227&528_211&435_476&477-0_0_11_26_31_30_29-59-23_emb_使539429.jpg,使539429,使539429,1,0,7,7
221,datasets/special_ccpd2019_base_cvreplace_v1_20260526/images/val/063752394636-79_99-220&458_589&639-584&563_238&637_230&528_576&454-0_0_10_22_26_24_24-105-65_emb_使964833.jpg,使964833,使964833,1,0,7,7
222,datasets/special_ccpd2019_base_cvreplace_v1_20260526/images/val/0396551724138-85_97-134&488_454&616-445&583_157&618_171&499_459&464-0_0_5_31_25_31_7-153-115_emb_使576982.jpg,使576982,使576982,1,0,7,7
223,datasets/special_ccpd2019_base_cvreplace_v1_20260526/images/val/0299149904214-95_81-255&458_523&569-526&584_253&549_248&460_521&495-0_0_32_7_24_28_33-120-168_emb_使700628.jpg,使700628,使700628,1,0,7,7
224,datasets/special_ccpd2019_base_cvreplace_v1_20260526/images/val/021724137931-89_89-272&461_508&550-522&545_297&568_281&468_506&445-0_0_7_19_29_24_31-165-85_emb_使076672.jpg,使076672,使07667,0,1,7,6
225,datasets/special_ccpd2019_base_cvreplace_v1_20260526/images/val/0139583333333-90_88-320&441_504&525-504&524_320&518_325&442_509&448-0_0_15_27_27_26_32-163-19_emb_使236629.jpg,使236629,使2629,0,1,7,5
226,datasets/special_ccpd2019_base_cvreplace_v1_20260526/images/val/0194971264367-91_75-150&514_395&603-386&600_168&594_149&513_367&519-0_0_1_29_27_24_0-70-29_emb_使438746.jpg,使438746,使438746,1,0,7,7
227,datasets/special_ccpd2019_base_cvreplace_v1_20260526/images/val/0257004310345-93_89-245&315_541&409-549&414_264&396_263&313_548&331-0_0_1_3_30_33_25-107-45_emb_使670665.jpg,使670665,使670665,1,0,7,7
228,datasets/special_ccpd2019_base_cvreplace_v1_20260526/images/val/0181992337165-97_79-267&459_482&555-479&557_265&528_255&456_469&485-0_0_33_27_32_19_26-158-78_emb_使874460.jpg,使874460,使874460,1,0,7,7
229,datasets/special_ccpd2019_base_cvreplace_v1_20260526/images/val/0491379310345-90_83-146&450_585&578-583&587_152&585_156&441_587&443-0_0_16_7_30_30_29-158-299_emb_使582763.jpg,使582763,使582763,1,0,7,7
230,datasets/special_ccpd2019_base_cvreplace_v1_20260526/images/val/0179370210728-91_88-346&503_574&583-568&589_350&585_354&500_572&504-0_0_32_12_24_31_25-100-18_emb_使858202.jpg,使858202,使858202,1,0,7,7
231,datasets/special_ccpd2019_base_cvreplace_v1_20260526/images/val/0153376436781-88_91-274&523_464&600-467&582_286&600_283&532_464&514-0_0_2_21_31_32_31-138-33_emb_使440706.jpg,使440706,使40706,0,1,7,6
232,datasets/special_ccpd2019_base_cvreplace_v1_20260526/images/val/0385751915709-90_85-136&307_512&411-523&434_130&411_130&298_523&321-0_0_24_6_26_32_32-110-106_emb_使930025.jpg,使930025,使930025,1,0,7,7
233,datasets/special_ccpd2019_base_cvreplace_v1_20260526/images/val/0285668103448-96_74-158&314_413&430-429&434_180&394_155&300_404&340-0_0_24_25_27_14_25-73-23_emb_使623729.jpg,使623729,使623729,1,0,7,7
234,datasets/special_ccpd2019_base_cvreplace_v1_20260526/images/val/0121743295019-92_80-286&441_472&512-485&516_284&503_278&435_479&448-0_0_21_33_25_32_29-118-33_emb_使856459.jpg,使856459,使856459,1,0,7,7
235,datasets/special_ccpd2019_base_cvreplace_v1_20260526/images/val/0218474616858-90_96-276&450_544&535-549&536_279&534_284&451_554&453-0_0_1_16_28_26_31-138-28_emb_使219833.jpg,使219833,使219833,1,0,7,7
236,datasets/special_ccpd2019_base_cvreplace_v1_20260526/images/val/0296192528736-89_91-253&453_552&567-569&553_255&590_254&467_568&430-0_0_23_32_17_25_32-159-60_emb_使540805.jpg,使540805,使5400805,0,1,7,8
237,datasets/special_ccpd2019_base_cvreplace_v1_20260526/images/val/0240229885057-94_88-153&398_397&499-399&500_144&469_148&382_403&413-0_0_13_33_25_29_12-119-28_emb_使178931.jpg,使178931,使178931,1,0,7,7
238,datasets/special_ccpd2019_base_cvreplace_v1_20260526/images/val/0118295019157-90_88-224&462_431&537-428&534_235&532_236&468_429&470-0_0_11_20_30_27_25-85-26_emb_使131696.jpg,使131696,使131696,1,0,7,7
239,datasets/special_ccpd2019_base_cvreplace_v1_20260526/images/val/016570881226-86_95-213&404_397&506-399&477_217&520_228&441_410&398-0_0_11_33_9_26_32-160-53_emb_使024078.jpg,使024078,使024078,1,0,7,7
240,datasets/special_ccpd2019_base_cvreplace_v1_20260526/images/val/0213146551724-90_87-167&442_442&532-448&526_186&520_182&445_444&451-0_0_31_25_25_19_25-69-63_emb_使124956.jpg,使124956,使124956,1,0,7,7
241,datasets/special_ccpd2019_base_cvreplace_v1_20260526/images/val/0223814655172-89_84-209&476_498&563-522&568_212&570_189&477_499&475-0_0_5_26_5_25_32-105-70_emb_使733902.jpg,使733902,使733902,1,0,7,7
242,datasets/special_ccpd2019_base_cvreplace_v1_20260526/images/val/0239307950191-91_92-267&461_531&565-527&568_270&551_283&447_540&464-0_0_28_21_26_27_29-111-64_emb_使757148.jpg,使757148,使757148,1,0,7,7
243,datasets/special_ccpd2019_base_cvreplace_v1_20260526/images/val/0344300766283-90_88-131&453_489&552-503&556_145&558_157&443_515&441-0_0_22_31_7_32_26-154-88_emb_使463359.jpg,使463359,使463359,1,0,7,7
244,datasets/special_ccpd2019_base_cvreplace_v1_20260526/images/val/0312212643678-90_84-167&577_504&671-503&687_157&690_158&574_504&571-0_0_33_32_32_20_33-144-156_emb_使266298.jpg,使266298,使266298,1,0,7,7
245,datasets/special_ccpd2019_base_cvreplace_v1_20260526/images/val/0296695402298-91_84-185&487_520&592-500&600_189&584_195&489_506&505-0_0_20_25_8_25_28-58-33_emb_使799649.jpg,使799649,使799649,1,0,7,7
246,datasets/special_ccpd2019_base_cvreplace_v1_20260526/images/val/0105387931034-91_85-329&556_507&620-517&625_331&623_330&557_516&559-0_0_17_9_26_33_32-130-15_emb_使720786.jpg,使720786,使720786,1,0,7,7
247,datasets/special_ccpd2019_base_cvreplace_v1_20260526/images/val/0320653735633-90_79-240&464_590&575-590&576_244&563_231&466_577&479-0_0_30_33_33_19_32-89-33_emb_使971378.jpg,使971378,使971378,1,0,7,7
248,datasets/special_ccpd2019_base_cvreplace_v1_20260526/images/val/013125-88_88-191&501_392&566-396&558_192&570_182&502_386&490-0_0_27_31_24_20_33-144-29_emb_使681765.jpg,使681765,使681765,1,0,7,7
249,datasets/special_ccpd2019_base_cvreplace_v1_20260526/images/val/0193151340996-94_80-295&444_523&545-531&543_298&521_284&440_517&462-0_0_32_25_27_14_29-179-52_emb_使683045.jpg,使683045,使683045,1,0,7,7
250,datasets/special_ccpd2019_base_cvreplace_v1_20260526/images/val/0192001915709-91_87-207&424_460&534-445&551_219&498_218&402_444&455-0_0_33_32_11_27_29-54-9_emb_使643186.jpg,使643186,使6316,0,1,7,5
251,datasets/special_ccpd2019_base_cvreplace_v1_20260526/images/val/0395162835249-74_104-114&421_382&577-385&517_121&592_116&476_380&401-0_0_22_33_2_27_26-108-26_emb_使892181.jpg,使892181,使892181,1,0,7,7
252,datasets/special_ccpd2019_base_cvreplace_v1_20260526/images/val/00868295019157-90_91-290&317_449&393-451&380_292&390_290&332_449&322-0_0_18_14_30_30_29-67-14_emb_使307248.jpg,使307248,使3072468,0,1,7,8
253,datasets/special_ccpd2019_base_cvreplace_v1_20260526/images/val/0191091954023-90_93-214&537_495&618-497&624_207&620_211&522_501&526-0_0_26_21_32_32_26-116-25_emb_使369979.jpg,使369979,使369979,1,0,7,7
254,datasets/special_ccpd2019_base_cvreplace_v1_20260526/images/val/019845545977-89_89-249&294_485&398-489&383_244&391_244&306_489&298-13_6_10_25_27_31_27-84-23_emb_使738592.jpg,使738592,使738592,1,0,7,7
255,datasets/special_ccpd2019_base_cvreplace_v1_20260526/images/val/0454382183908-103_72-151&502_472&662-451&674_167&605_174&506_458&575-0_0_15_25_13_26_31-30-14_emb_使344446.jpg,使344446,使344446,1,0,7,7
256,datasets/special_ccpd2019_base_cvreplace_v1_20260526/images/val/016082375479-86_95-396&520_593&604-594&584_404&606_413&543_603&521-0_0_27_8_26_31_30-100-18_emb_使762116.jpg,使762116,使762116,1,0,7,7
257,datasets/special_ccpd2019_base_cvreplace_v1_20260526/images/val/0111302681993-91_87-302&532_487&600-494&604_292&606_294&537_496&535-0_0_31_31_33_10_29-108-36_emb_使044984.jpg,使044984,使044984,1,0,7,7
258,datasets/special_ccpd2019_base_cvreplace_v1_20260526/images/val/021875-90_88-248&548_531&635-549&637_247&629_240&542_542&550-12_14_31_8_3_27_31-101-38_emb_使405961.jpg,使405961,使405961,1,0,7,7
259,datasets/special_ccpd2019_base_cvreplace_v1_20260526/images/val/012644875479-90_89-311&473_506&548-514&542_311&544_311&476_514&474-0_0_23_12_31_30_25-146-36_emb_使314268.jpg,使314268,使314268,1,0,7,7
260,datasets/special_ccpd2019_base_cvreplace_v1_20260526/images/val/0266618773946-90_88-210&526_539&619-550&622_207&611_199&507_542&518-0_0_17_29_26_26_19-157-63_emb_使546532.jpg,使546532,使546532,1,0,7,7
261,datasets/special_ccpd2019_base_cvreplace_v1_20260526/images/val/00826149425288-94_90-242&497_389&557-385&557_240&552_252&502_397&507-0_0_20_6_30_33_32-110-25_emb_使965587.jpg,使965587,使965587,1,0,7,7
262,datasets/special_ccpd2019_base_cvreplace_v1_20260526/images/val/0464918582376-93_85-166&537_548&651-524&666_179&630_208&531_553&567-0_0_5_30_31_27_22-137-119_emb_使951624.jpg,使951624,使951624,1,0,7,7
263,datasets/special_ccpd2019_base_cvreplace_v1_20260526/images/val/0207567049809-82_94-130&333_344&442-350&400_141&437_122&363_331&326-0_0_13_33_30_32_3-59-26_emb_使367227.jpg,使367227,使367227,1,0,7,7
264,datasets/special_ccpd2019_base_cvreplace_v1_20260526/images/val/0246695402298-96_75-143&509_366&613-358&627_148&596_137&492_347&523-0_0_24_13_31_32_27-142-32_emb_使347151.jpg,使347151,使3647151,0,1,7,8
265,datasets/special_ccpd2019_base_cvreplace_v1_20260526/images/val/0116020114943-88_88-251&481_439&557-448&548_248&558_247&486_447&476-0_0_29_4_33_31_33-139-18_emb_使076708.jpg,使076708,使076708,1,0,7,7
266,datasets/special_ccpd2019_base_cvreplace_v1_20260526/images/val/013438697318-90_92-260&339_455&413-453&407_254&417_256&346_455&336-0_0_13_25_24_32_31-41-26_emb_使704767.jpg,使704767,使704767,1,0,7,7
267,datasets/special_ccpd2019_base_cvreplace_v1_20260526/images/val/0460009578545-93_80-145&471_513&618-520&639_160&585_153&476_513&530-1_2_33_3_4_24_26-130-89_emb_使063785.jpg,使063785,使063785,1,0,7,7
268,datasets/special_ccpd2019_base_cvreplace_v1_20260526/images/val/0527586206897-106_70-67&466_353&645-352&669_65&571_64&460_351&558-0_0_8_29_25_27_23-50-52_emb_使095449.jpg,使095449,使09549,0,1,7,6
269,datasets/special_ccpd2019_base_cvreplace_v1_20260526/images/val/0479406130269-81_100-185&454_466&620-483&568_199&621_207&489_491&436-0_0_8_25_25_29_32-167-111_emb_使523689.jpg,使523689,使539,0,1,7,4
270,datasets/special_ccpd2019_base_cvreplace_v1_20260526/images/val/0180172413793-91_81-81&337_320&425-326&437_82&418_64&323_308&342-0_0_16_22_25_32_31-33-25_emb_使043410.jpg,使043410,使043410,1,0,7,7
271,datasets/special_ccpd2019_base_cvreplace_v1_20260526/images/val/0228879310345-87_92-382&558_627&647-627&627_376&657_394&574_645&544-0_0_24_32_29_31_31-124-28_emb_使347059.jpg,使347059,使347059,1,0,7,7
272,datasets/special_ccpd2019_base_cvreplace_v1_20260526/images/val/0242468869731-87_93-299&441_592&526-593&519_300&543_311&459_604&435-0_0_2_24_30_24_33-99-63_emb_使806844.jpg,使806844,使806844,1,0,7,7
273,datasets/special_ccpd2019_base_cvreplace_v1_20260526/images/val/0130747126436-89_90-244&461_451&536-462&529_252&533_250&467_460&463-0_0_29_33_2_26_24-137-27_emb_使793217.jpg,使793217,使793217,1,0,7,7
274,datasets/special_ccpd2019_base_cvreplace_v1_20260526/images/val/0329980842912-97_80-221&636_489&752-490&752_219&708_221&624_492&668-0_0_22_18_29_27_30-92-52_emb_使631508.jpg,使631508,使631508,1,0,7,7
275,datasets/special_ccpd2019_base_cvreplace_v1_20260526/images/val/0223575191571-90_89-241&486_510&580-510&574_248&578_256&486_518&482-0_0_20_4_26_29_29-143-41_emb_使926921.jpg,使926921,使926921,1,0,7,7
276,datasets/special_ccpd2019_base_cvreplace_v1_20260526/images/val/0374772509579-98_68-293&470_588&611-571&610_305&568_296&473_562&515-0_0_25_26_31_1_29-69-35_emb_使693834.jpg,使693834,使693834,1,0,7,7
277,datasets/special_ccpd2019_base_cvreplace_v1_20260526/images/val/0194252873564-91_87-224&553_446&646-443&646_220&622_217&545_440&569-0_0_28_19_32_28_32-112-22_emb_使092154.jpg,使092154,使092154,1,0,7,7
278,datasets/special_ccpd2019_base_cvreplace_v1_20260526/images/val/0431034482759-90_84-197&449_608&564-590&566_217&573_213&447_586&440-0_0_20_18_25_31_24-33-12_emb_使876397.jpg,使876397,使76397,0,1,7,6
279,datasets/special_ccpd2019_base_cvreplace_v1_20260526/images/val/0162571839081-94_84-335&662_533&749-536&748_329&724_327&658_534&682-0_0_29_26_5_29_25-120-39_emb_使938845.jpg,使938845,使938845,1,0,7,7
280,datasets/special_ccpd2019_base_cvreplace_v1_20260526/images/val/0147090517241-90_87-339&463_546&547-547&546_341&540_330&456_536&462-0_0_4_32_8_32_27-74-11_emb_使368003.jpg,使368003,使36863,0,1,7,6
281,datasets/special_ccpd2019_base_cvreplace_v1_20260526/images/val/0137452107279-90_91-264&480_493&546-497&547_260&552_261&472_498&467-0_0_22_15_32_26_26-161-14_emb_使316700.jpg,使316700,使316700,1,0,7,7
282,datasets/special_ccpd2019_base_cvreplace_v1_20260526/images/val/0278376436781-88_87-254&554_512&652-514&637_256&651_257&562_515&548-0_0_10_31_6_27_25-170-48_emb_使363108.jpg,使363108,使363108,1,0,7,7
283,datasets/special_ccpd2019_base_cvreplace_v1_20260526/images/val/0219923371648-86_84-241&447_466&540-480&519_253&541_235&466_462&444-0_0_0_30_22_24_32-111-63_emb_使790529.jpg,使790529,使790529,1,0,7,7
284,datasets/special_ccpd2019_base_cvreplace_v1_20260526/images/val/0203172892721-90_93-279&533_540&626-539&619_296&621_299&531_542&529-0_0_0_30_28_30_23-90-57_emb_使393418.jpg,使393418,使393418,1,0,7,7
285,datasets/special_ccpd2019_base_cvreplace_v1_20260526/images/val/0177442528736-94_80-233&483_450&582-460&583_234&555_227&479_453&507-0_0_23_25_33_29_24-93-33_emb_使544514.jpg,使544514,使544514,1,0,7,7
286,datasets/special_ccpd2019_base_cvreplace_v1_20260526/images/val/0257519157088-90_86-283&448_574&545-577&536_283&543_283&442_577&435-0_0_11_9_25_33_33-153-54_emb_使272374.jpg,使272374,使272374,1,0,7,7
287,datasets/special_ccpd2019_base_cvreplace_v1_20260526/images/val/0112954980843-90_89-192&502_399&575-402&577_187&579_188&505_403&503-0_0_20_30_29_32_2-183-11_emb_使289184.jpg,使289184,使289184,1,0,7,7
288,datasets/special_ccpd2019_base_cvreplace_v1_20260526/images/val/0277502394636-90_90-254&459_572&561-575&552_262&554_262&467_575&465-0_0_6_29_0_26_25-61-80_emb_使307635.jpg,使307635,使307635,1,0,7,7
289,datasets/special_ccpd2019_base_cvreplace_v1_20260526/images/val/0213661398467-94_87-241&368_465&482-476&487_236&466_240&375_480&396-0_0_33_4_26_26_26-125-55_emb_使398866.jpg,使398866,使39866,0,1,7,6
290,datasets/special_ccpd2019_base_cvreplace_v1_20260526/images/val/042337164751-93_67-158&468_612&571-620&587_199&544_163&464_584&507-0_0_23_29_24_26_27-115-96_emb_使483756.jpg,使483756,使48375,0,1,7,6
291,datasets/special_ccpd2019_base_cvreplace_v1_20260526/images/val/0286829501916-103_72-298&443_526&581-528&583_294&523_295&439_529&499-0_0_8_25_8_32_31-108-65_emb_使763684.jpg,使763684,使763684,1,0,7,7
292,datasets/special_ccpd2019_base_cvreplace_v1_20260526/images/val/0176795977012-90_92-289&484_524&582-530&568_281&577_288&482_537&473-0_0_13_30_25_29_23-132-32_emb_使493201.jpg,使493201,使493201,1,0,7,7
293,datasets/special_ccpd2019_base_cvreplace_v1_20260526/images/val/0146216475096-96_80-265&440_444&530-450&535_268&506_262&438_444&467-0_0_27_26_3_32_29-111-15_emb_使830859.jpg,使830859,使830859,1,0,7,7
294,datasets/special_ccpd2019_base_cvreplace_v1_20260526/images/val/0182291666667-88_89-412&501_628&585-640&572_413&588_413&503_640&487-0_0_18_33_33_24_0-72-47_emb_使296497.jpg,使296497,使29649,0,1,7,6
295,datasets/special_ccpd2019_base_cvreplace_v1_20260526/images/val/0336685823755-88_90-265&495_585&624-572&598_272&614_271&509_571&493-0_0_27_31_6_24_26-77-100_emb_使980466.jpg,使980466,使980466,1,0,7,7
296,datasets/special_ccpd2019_base_cvreplace_v1_20260526/images/val/0206573275862-94_86-339&320_559&415-556&413_336&389_337&315_557&339-0_0_8_27_26_29_17-112-29_emb_使391816.jpg,使391816,使391816,1,0,7,7
297,datasets/special_ccpd2019_base_cvreplace_v1_20260526/images/val/0300287356322-90_84-128&485_474&602-481&592_135&590_130&491_476&493-0_0_16_12_25_31_29-75-180_emb_使844280.jpg,使844280,使844280,1,0,7,7
298,datasets/special_ccpd2019_base_cvreplace_v1_20260526/images/val/0356321839081-90_93-169&345_482&459-480&459_174&452_188&347_494&354-0_5_13_24_24_26_33-86-106_emb_使378821.jpg,使378821,使378821,1,0,7,7
299,datasets/special_ccpd2019_base_cvreplace_v1_20260526/images/val/0348084291188-93_78-179&521_521&616-538&624_179&612_179&512_538&524-0_0_10_10_29_29_27-131-45_emb_使151918.jpg,使151918,使151918,1,0,7,7
